Id,Body,oblast,odgovor
2002,What's the difference I'm looking at shake options and some contain whey isolate some contain whey concentrate and some both,fitness,2016
2003,Provided that I'm not hungry should I eat breakfast before or after a 30-minutes morning jog Update There are many answers detailing opinions -- thanks If someone could supply evidence supporting their view I'd be even happier,fitness,2039
2005,I have recently started training martial arts (mostly striking some wrestling) I have trainings twice a week (monday/wednesday) Trainings are pretty demanding even after 3 months I don't train anything else What kind of exercises can I do at home that complement my martial art training,fitness,2019
2006,What exercises are recommended for people who sit in front of the PC working for long hours,fitness,2363
2009,I've been overweight most of my life and recently I've been slimming down (lost > 50 lbs so far shooting for 35-40 more) and I'm wanting to start running I have no problems walking for miles and miles (walked 8 one day just to see how far I could go never got tired) but when I start running my lungs are on fire after about 1/10th of a mile and I can't continue Is this something that will go away is there something I can do to improve it or should I be seeing a doctor about it Also might note I'm an ex-smoker of about 7 years just quit about 5 months ago as part of my beginning a healthier lifestyle,fitness,2070
2013,After a period of inactivity I recently started running again and want know what gadgets or tools I use to monitor my workout Some requirements It should offer workout programs (based on my level or goal) It should graphically show my progress over time It should be mobile so I can take it with me during running So what can I use to monitor my running workout,fitness,2025
2018,For weight loss results is there a time of day that is most beneficial to exercise,fitness,2090
2021,Protein shakes and other high-protein dietary strategies are believed by some to improve muscle recovery times after workouts However there is some opinion to the contrary that protein intake beyond a normal level does not result in quicker recovery times Does ingesting huge amounts of protein actually help speed muscle recovery after workouts,fitness,2059
2027,I try to not take large meals for at least 12 hours before starting yet abdominal exercises still can make me feel unwell and go to bathroom Is it normal Or should I reconsider my diet Does anyone else have this problem,fitness,2071
2029,I used to lift weights at the gym some years ago and my intention is to get back in shape this month I'm still in reasonable shape around 18-20% body fat I'd like to maximize my gains/losses as this provides the motivation to keep on doing it Should I cut or bulk first If there are any studies about this I'd love hearing about them Thanks,fitness,2035
2040,I'm a lazy person so running while staying in the same place appeals to me Are there any benefits to running outside worth considering besides aesthetics and feeling the wind in your hair,fitness,2212
2041,I'm always trying to find different ways to exercise (currently playing lots of Wii - that counts right ) but I find the problem of after a few weeks to a month I lose motivation get distracted and move on to something else Does anyone have any tips or idea on how to keep motivated,fitness,2043
2045,In late 2007 I fell really sick As a result I spent the next two years or so being unable to eat enough proteins to meet my daily needs and didn't do any physical exercise When I recovered I started training again (mostly bodybuilding and swimming) but I never was able to go back to running like I used to I simply didn't enough endurance to run even in intervals Whenever I ran however careful and reasonable I was I always ended up injuring myself to the calf or ankle I gave rope skipping a try as well but that was several times worse I have been taking regular walks but I'm still a long way from where I used to be and Canadian winters are terribly cold Are there exercises I can do to regain my past endurance quicker or must I just keep on walking,fitness,2085
2050,Is circuit training most beneficial if you do it everyday Should you take days off or alternate with something else to get better results,fitness,3045
2051,I've found various online calculators for looking up how many calories are burned when doing an exercise like using an Elliptical machine Is there a way to calculate how many calories I burned during an activity with some reliability Does it matter if I train in intervals,fitness,2243
2053,I'm pretty new to running and can only run for 2-3 minutes at a time Is there any rule of thumb I should know of for setting goals For example each week run two minutes more or something like that I find it really hard to know what I should do and I think my current method of running till I'm really puffed probably isn't the best way,fitness,2110
2054,I've been using planks to increase my trunk strength and am getting OK at holding the plank for 1 1/2 minutes Will I get more benefit by starting to increase that time or adding a different exercise (and which one do you recommend),fitness,2130
2055,Does anyone have an sources on this I love the idea of playing video games to lose weight just not sure how effective it is At the end of my exercises it tells me your burned x calories but not really sure how reliable the numbers are,fitness,2095
2057,I've heard that being ill for a few weeks or so is enough for your endurance to drop drastically Is this really true,fitness,2117
2065,When I do squats I find that my shoulders are often very sore (from the weight of the bar) afterward and sometimes shoulder soreness becomes as much a limiting factor during exercise as the strength/endurance of my legs and trunk I try to lay the bar across the meaty part far enough back that my hands have to push forward to maintain stability (if I let go of the bar it would slide off the back NOT balance on top of my shoulders) What can I do to prevent my shoulders from becoming the weak link in terms of my squat,fitness,2075
2074,A friend of mine told me that you can pretty much eat whatever you want within about 15 minutes of a big exercise session without putting on weight I can't really understand the science behind this Is there any truth to this,fitness,2078
2081,I frequently read advertisements for micronized creatine which is supposedly more pure easier to absorb and more effective than regular creatine Is there any validity to this claim,fitness,2093
2084,For as long as I can remember my legs will start to itch when I begin jogging Sometimes the itching is unbearable and I have to stop I noticed that it doesn't happen during sprinting / high intensity interval work Is there a reason for this,fitness,2107
2086,I travel a good bit for my job As a result the weeks that I travel often involve a lack of physical activity since I am primarily a weight lifter when it comes to exercise and most hotel gyms have very little useful equipment for weightlifting - if they even have it at all With that said I'd like to develop some 30 minute routines to at least maintain some semblance of strength training while I'm on the road Presently all I end up doing for strength training without weights is a mass number of body squats pushups and some core work This hits a number of muscle groups but not all It is also very boring and not fun What are some suggestions for developing some routines that will ultimately encompass all muscle groups for times when I travel and have no access to any weightlifting equipment whatsoever,fitness,2106
2087,For the past two weeks I've been getting up at 5 30AM every day to workout I do a DVD-based workout at fairly high intensity Because of my life demands I've only been able to fit in about six hours of sleep a night Am I headed toward burnout / injury / problems or can I maintain this sleep pattern for the next three months,fitness,2941
2096,Why are rest days important When the weather permits I jog (or otherwise work-out) every day but people often tell me I should not because rest days are important What is the rationale behind this,fitness,2105
2097,About five years ago I did BJJ about five times a week It was one of my favorite hobbies of all time with the exception of all the amount of annoyances that came with it carpal tunnel pain finger numbness knee pain lower back pain bumps and bruises back thrown out knee injury toe injuries With the advent of a family fatherhood and career ambition it took a backseat to my life and eventually was phased out But I have a daydream of getting back into it The problem is I'm 41 now and I can't show up to work in crutches and elbow braces anymore Is this type of high-intensity sport better suited for a young man's life,fitness,2101
2113,I like to run outside and therefore need shoes to run However there's a massive market for running shoes and I get lost in all of the options What are some guidelines in selecting a good shoe for running (Note I'm not looking for which is best but rather what technology or features should I look for),fitness,2166
2115,This one has been bothering me for quite a while I've heard different opinions on this ranging from There is absolutelty nothing to worry about running is great for you to You definitely shouldn't be running while overweight And since I'm asking this about myself a few specs I'm 195cm(6' 4 ) about 124kg(275 pounds) and have been moderately active in the past In a nutshell If I start running now will it be detrimental to my knees even if there is only discomfort not something I would really call pain,fitness,2135
2118,I've never made real exercise Recently i began doing push-ups starting with 1 a day and finally increasing it to 15 day Sometimes doing it 3-4 times (45-60) If i continue this routine will it help to reduce my belly fat Thank you,fitness,2123
2120,Currently I'm exercising 3 days a week (every other day) each day doing 2-3 muscle groups Currently my goal is to increase muscle mass My question is given my exercise goal is it better to really stress a given muscle group for a single day and then ignore it until next week or to work out all groups each day but to a lesser extent,fitness,2127
2124,I am doing very light workout e g 10 push-ups a day I want to know that if I keep my diet to cereals with full-cream milk will it have any effect on my belly fat,fitness,2138
2134,I've been working on my own workout structure for sometime now trying to find the right combination of warm ups and exercises I always begin with a warm up working on the muscles I'll be hitting that session Then I move on to the exercises I need to be freshest for eg any sort of jumps box jumps etc Then I'll work on resistance exercises finishing with treadmill or bike work Is there any scientific theory behind constructing workouts in the right order,fitness,2223
2137,Can tight psoas muscle cause lower (lumbar) back pain If yes which exercise would be best to recover Thanks How do you differentiate if the pain in lower back is because of tight psoas or due to locked facet joint (No neurological problem) EXTRA (if it seems relevant to question) This pain also seems to sometime transfer to hip and tail bone and as per the MRI and X-ray reports there's no disk or nerve pinching problem I've had ~10 MRIs and 10 X-rays and all show no problem in spine or joint Though there's inflammation in hip (it was in SI joint as well but now it is not) It seems to me now that it is probably a muscle related problem,fitness,2141
2139,I can do plenty of sit-ups and other ab exercises I also have a house-mate who is a personal trainer so I know I'm doing them right However I can stick to a routine of doing reasonable quantities of abdominal exercises every second day But I usually loose interest after 3 - 6 months as I never see any results My abs are definitely stronger however I think I have a hereditary beer gut It just doesn't want to go away I also combine these exercises with a reasonable diet and other exercise e g swimming jogging and other team sports,fitness,2145
2140,I've heard numerous times that you should not sit down immediately after the exercise when the heart rate is high and you should stand and walk around for a bit However I don't remember a convincing explanation as to why this is the case Is this true or an urban myth based on some dated research If true what exactly happens in a human body that makes it bad,fitness,2938
2142,Sometimes when I play football (soccer) I get incredibly light headed similar to when I'm really hungry What is the best type of food I should eat before playing a team exercise preferably something that won't feel heavy,fitness,2143
2144,I've heard that improving passive static flexibility is only possible for children but for adults it's more or less set in stone because it's not possible to lengthen the ligaments as you age So by this logic it's hopeless for an adult with average and below-average flexibility to try to do a split Are there any studies that would confirm or deny these claims If it's not true what kind of exercises can improve passive static flexibility in adults,fitness,2147
2150,My family are all big meat eaters We are country people who like to BBQ A recent article on BBC news says that adults are advised to consume on average no more than 70g of red meat per day I am probably eating around 200g of meat per day (this can be chicken fish pork or red meat) Regardless of the type of meat I am guessing this is too much However if I cut back on meat I get really hungry about half an hour after eating which is a temptation to start eating snack foods What can you suggest I can use in replacement of meat in my diet that will let me feel full and also won't have me feeling hungry again after 30 minutes,fitness,2173
2153,It seems there are a ton of easy ab exercises but very few for the lower back to keep the muscles balanced as your abs get stronger What are simple home exercises for the lower back,fitness,2159
2155,If I'm on a calorie deficit and trying to burn fat at what point do I start burning muscle instead of fat How can I be sure that I'm eating enough to minimize muscle loss but remain on a calorie deficit so that I can burn fat,fitness,2377
2157,My wife and I are quite competitive however being of the opposite sex it's hard for us to compete with things like push-ups etc I'm looking to find some other exercises that we can do together that have a competitive edge but where we can be on an even playing field Note my wife is around the same fitness level but not the same in terms of strength,fitness,2167
2158,How do you determine if something is good carb or bad carb Reason I ask is after a month of hardcore working out I realized my body has changed While I was eating five meals a day with very low carbohydrate I find myself now in need of six - seven meals daily else I feel dizzy I am ALOT leaner compare to pre-workout condition I was told to intake more carbohydrate but I don't want to over do it So what's the best way to determine if food is good carb or bad carb I guess i should word it better Ok let's say if i were to go into a grocery store today and shop for good carb food what would i be looking for and what's the most obvious way to look for them Besides simply reading the label which fresh produce usually don't have,fitness,2163
2165,What are the best ways to maintain my energy levels throughout the day I find that I am becoming very tired during the day and go to bed early but then wake up still tired In particular things in my diet that I should include more of and things that I should avoid to increase my energy Also fitness activities that would help my energy levels as I understand the body has some natural energy rhythms but not how to best take advantage of these,fitness,2215
2170,I've been on a reduced calories diet for past 4 months and lost about 20kg but I keep on getting sweet tooth The main unhealthy thing that I eat is mostly 85% chocolate which I usually eat after excercising By eat I mean I take couple of bites not eat the whole thing ) Is it better to eat something like this more less regularly or just try to stick with the diet for as long as I can and then eat a lot of it By that I mean letting myself off the diet for a day or something like that What do you recommend And when I'm about to eat some chocolate should I do so before or after some excercise In the morning afternoon or it doesn't matter,fitness,2171
2179,I regularly play football (soccer) and jog a couple of times a week for at least an hour I occasionally experience soreness with my knees I'm worried I might be doing long term damage However on the football field I see a lot of guys 10 - 15 years older than myself that can still run and plenty of them faster than me Is there any chance the impact from doing this type of exercise will be doing damage in the long term,fitness,2388
2182,Over the past few years barefoot (or close to it) running has become extremely popular New Balance Nike Saucony and I'm sure more have come out with minimal shoes not to mention the Vibram Five Fingers We hear enough about the benefits from ad campaigns - what are some potential downsides of running in minimalist shoes,fitness,2326
2183,Glucosamine is quite popular and is featured prominently in pharmacies and supermarkets in Australia I was once recommended by a GP to take glucosamine tablets to reduce joint soreness as I exercise quite regularly and occasionally have joint soreness Is there any evidence (peer reviewed papers etc ) that glucosamine actually works to built up cartilage in joints My personal experience was I didn't notice any perceivable difference,fitness,2307
2187,I am looking for some diatary ways to keep my metabolism high especially between meals What kinds of foods or supliments can help keep your body processing long after you've consumed them Ideally I'm looking for categories not a list of examples,fitness,3858
2188,We all know that sugar intake should be limited in general but people seem to look on high fructose corn syrup especially poorly Why is it any worse than sucrose Crystalline fructose Other sweeteners such as stevia or aspartame,fitness,2564
2193,My BMI is 26 8 which means that I am in the overweight category When one hits a gym regularly every day what is the minimum amount of calories that he should burn in order to see a change in his weight over a month's time I generally focus on simple exercises like being on the treadmill for around 20mins (150 Cal) and on the cross trainer for 20mins as well Is this enough or should I increase my workout,fitness,2238
2200,It seems that every time I do a leg-intensive cardio workout like stair climbing intense elliptical machine or running more than 3-4 miles my legs take forever to bounce back They don't hurt so much as they just feel heavy and lethargic I try to do cardio every other day but my legs seem to only allow intense cardio once or twice a week What are some strategies for combating this so that I can do intense cardio at least 3x a week,fitness,2939
2203,Is there a way to measure how much protein a person should consume per day based on their body weight The objective is to burn fat and maximize metabolism,fitness,2217
2204,I often like to set short term goals that don't really work for weight loss I'm wondering if there is a general principle I should obey like 'lose 1 kilogram per two weeks' - what sort of rate of weight loss should I work towards I'd appreciate it if anyone had any good information or sources that discuss this topic,fitness,2240
2213,How do alcohol calories work I'm not talking beer but straight gin or vodka I've heard it's about 100 calories per ounce and it's not digested by your normal digestion system but your liver What kind of effect do alcohol calories have on the body And can I get away with having a gin every night on a strict diet,fitness,2231
2214,I'm guessing you progress at different levels for different exercise but as a (very) general rule of thumb would it be reasonable to add 10lbs a month with bench presses and maybe more like 20 with squats,fitness,2222
2216,I hardly ever do curls or any exercise that focuses solely on making my arms stronger I've found however that they're probably the part of my body that grows the fastest as a side effect of the other exercises I do I guess my question is is that fine,fitness,2639
2220,I've seen these terms a couple times here already Also is there a good place to ask these questions I feel what are some good exercise terms and their meanings would get closed,fitness,2224
2232,Possible Duplicate I am underweight How do I gain weight and muscle Here's some info about me I'm 21 years old Weight 50kg (110 pounds) Height 1 70m (5'7 ) What would you suggest I do to gain weight I've heard about Creatine and doing exercises but I need some advice what should I eat or what routine should I follow when doing exercises,fitness,2235
2233,To my limited knowledge - you must train differently depending on what you want to achieve E g to lose weight one should do small weight lifting with lots of repetitions (also - according to my limited knowledge) What are the traits of other workout types (gain muscle strength improve stamina etc ) And what are the types of workouts in general,fitness,2263
2236,I am 12 years old and we have a school-wide relay champiniship and I was wondering what is the best tips to train in a 4x100m relay So I was wondering how do you train for a relay UPDATE We won by a few secs on now we are in Dictrect Aths relay team,fitness,2239
2245,Is there any truth to the claim that you should wait (at least) an hour after you wake up before you start a workout I've heard something about the back is not lubricated enough before that but that doesn't make sense in my opinion,fitness,2259
2248,I am six weeks away form my first marathon and the last two and half weeks of training have been badly affected as i have been suffering with a bad winter cold I am still coughing fairly regularly and don't feel fully over it but am starting to get concerned that my fitness level is going to start spiraling downwards if I don't start getting back out and racking up the miles My last long run of 19 5 miles was over two weeks ago now and I've only managed a couple of easy 4-6 miles since Should I just continue resting until I feel fully recovered and accept that I probably won't achieve my sub 4 hour goal or can I start to get my training schedule back on track as I recover Would running actually help me clear my chest and help recovery or could I end up causing more problems for myself,fitness,2252
2249,Can someone put in human terms what does it mean to work out in anaerobic pulse zone Update I mean anaerobic heart rate in context of running on a treadmill I'm 26 and while running on 12km/h speed my heart rate is 170 which is (according to table hanging on the wall of the gym I go to) is between anaerobic workout and red zone,fitness,2311
2262,How can I calculate my BF%,fitness,2266
2271,For a healthy heart I've got myself into a habit of stopping by the gym after work and using the fitness equipment (treadmill stair machine etc ) or using the stationary bike I have at home However I'll have a vacation in the future where I'll be in a foreign city for a few weeks I won't have access to a gym or fitness equipment I can take a pair of running shoes but I don't think I'd like to run in a foreign city and I'm not much of a runner So aside from running what other kinds of cardio exercise could I do while on vacation say from the comfort of a hotel room I know sit-ups are easy but could those be considered a cardio exercise,fitness,2652
2272,In one book I read the target heart rate for a cardiovascular workout for a person my age (36) was somewhat lower (10-15bpm) than the rate listed on some of the machines I'm familiar with at the gym I've also seen the range differ slightly from one brand of machine to another So I'm slightly confused about this I don't want to overdo it but I also don't want to underdo it Is there definitive information available (e g a study or paper) that details the correct approach to estimating one's target heart rate range,fitness,2291
2277,I've been told when doing cardio to breath in through the nose and out through the mouth Where I live though the air is cold enough 3-4 months of the year so that deep breathing through my nose stings my nasal passages Is this healthy Should I change up my breathing pattern or will the stinging go away,fitness,2341
2279,My husband and I have both been lifting dumbbells in an attempt to build some muscle We feel like we're hitting our upper arms pretty well but not the lower arms What are some good exercises to work the forearms,fitness,2287
2286,When I lift weights I lift heavy I expect to be sore afterwards because I know I've pushed myself hard Unfortunately sometimes I push myself too far and get very bad delayed onset muscle soreness (DOMS) What can I do either before working out to prevent excessive soreness or after working out to relieve the soreness,fitness,2289
2290,I've reached a point where my training runs are long enough (2 - 3 hours) and far enough (15+ miles) that I need to take on board some additional energy in the form of gels and/or sports drinks in order to complete them Is there any documented or recognised rate or consumption or guidelines as to how this should ideally be done in order to get the maximum benefits Should they be taken at regular intervals throughout the run or delayed towards the second half of the run I appreciate this will vary depending on effort and fitness; I am currently using a couple of gels and a bottle of sports drink to get me through a 19 5 mile three and a quarter hour run although the last 3 or 4 miles are still a real struggle,fitness,2349
2292,I'll start this Shoulder dislocations - great for improving shoulder mobility,fitness,3302
2293,I have heard a lot about the 'barefoot' running idea that has seemed to gain a lot of popularity with the book Born to Run The main idea is that the human foot has evolved to be very effective at running and by putting a lot of things in between it and the ground we more often cause problems then solve them I don't plan to actually run barefoot but I was thinking of getting some Vibrams since the general idea seemed to make sense to me and they are designed with barefoot running in mind I have seen the flame war arguments about statistics on this so don't bother sharing any of that What I am really looking for is information from people who have tried both running with traditional running shoes and have also tried running with something like Vibrams I want to get an idea about what the difference has been for real people who have actually tried it and who don't have a vested interest in one side of the other,fitness,2386
2297,Being a student I'm not exactly rich I can't currently afford a gym membership or to buy training equipment Luckily my roommate has been kind enough to let me borrow his equipment So far I've been able to get by with the dumbbells and barbells he lent me Recently I realized I have not trained my grip strength in a long long time Unfortunately the only grippers he owns are far too difficult for me Here's the equipment I have at my disposition One weight training bench Several weight disks (2 5 lb 5 lb and 10 lb) Two barbell bars Two dumbbell bars Two 15 lb dumbbells With that gear is there any exercise that I could do to improve my hands' grip strength,fitness,2306
2300,If my goal is size EDIT Since other people with potentially different goals than mines are likely to see this question it would be good if your answer includes the optimal rest times for different goals (strength endurance etc),fitness,2301
2308,Both Gatorade and Powerade claim to help fill your bodies needs of electrolytes vitamins and other nutrients I'm looking to find out if there's documented proof that these drinks really make a difference in your workout or replenishment of nutrients,fitness,2317
2312,I own a gym quality elliptical at home I'm using mainly to do cardio for weight loss purposes Should I be looking into adding other equipment to my home gym or other exercises to my routine in order to get a more balanced workout or perhaps see better results,fitness,2360
2313,There have been a few times in my life where I believe I have experienced the phenomenon called Runners High or the euphoric state during a run where you feel like you can keep running for forever My question is two fold What exactly is this sensation Are there ways to 'train' your body to get into this state quicker,fitness,2316
2320,Is is possible to take on enough protein to build muscle whilst eating a vegetarian diet Many sources of proteins such as meat poultry and fish are obviously ruled out Do you have experience of building muscle without meat I'd be interested to know which foods you do consume,fitness,2321
2328,I use creatine and L-glutamine for my workouts typically taking the L-glutamine about an hour before my workout and creatine immediately after (I don't take them together because I understand they compete for receptors limiting absorption) I also try to keep the load up by taking creatine first thing in the morning and L-glutamine last thing before bed regardless of whether I worked out that day My question is do I need to take these supplements on rest days in order to maintain my load Should I be taking two servings* of each on rest days instead of just one Are the daily servings unnecessary *A serving for me is typically a heaping spoonful dissolved in water or cold tea (I know that a sugary drink would help absorption but I'm not willing to take the downside of the sugar),fitness,2370
2329,I regularly workout on my own but on the occasions I workout with a training partner I find my motivation increases my output increases and perhaps most importantly my overall enjoyment increases Jason Ferruggia (a world-renowned S&amp;C coach) has always said that having a good training partner is one of the best things you can do to enhance your rate of progress With this in mind how do you go about finding a training partner if indeed you workout with a partner at all Is it possible to walk into a gym and find people there Is it possible to workout with friends (Especially if you're there to exercise seriously rather than catch up and chat) What experience do you have on finding a training partner,fitness,2331
2334,Whenever jogging for long distances after some time I feel my breathing is quite laboured The only solution is to slow down my pace for a while before proceeding I have checked with my GP and I don't have asthma Are there any exercises or techniques I can use to improve my breathing or lung capacity that will be a benefit while I'm jogging,fitness,2338
2335,The number of push-ups I can do is dismal I have tried over the years to increase the number and have received to pieces of advice Start easy and try something like a raised bar or railing and work your way down or start on your knees until you strengthen your arms Keep persisting even you can initially only do a few you will eventually be able to do more I've tried both approaches but never seem to get anywhere more than around 15 and then collapse in a heap What can I do to increase the number and be able to do more without it being a major struggle as neither of the above methods seems to work,fitness,2350
2344,I have just won my school's 200m race which means I qualify for the Athletics in a month's time At the moment my time for 200m is 36 37 secs I am 12 years old and this is my first race over 200 What should I do to practice for it,fitness,2357
2346,Should or shouldn't I run when it is cold Is it easy to pull a muscle,fitness,2355
2352,During my run today I suddenly felt weak with hungry about 15 minutes after I started This only happens some times -- not every run I feel very hungry and weak and I can usually only make it to about the 20 minute mark before I have to stop I assume it must be nutrition related Today I had Breakfast 3 x multigrain weetbix with light milk 1 tub of light yoghurt slice of toast with slice of cheese and vegemite glass of apple and mango juice Midmorning cup of tea with spoon of sugar Lunch chicken breast in roll with some chips 600mL Coke zero I went for the run in late afternoon Any advice appreciated,fitness,2368
2354,What techniques are there for identifying areas you need to work on and that you will be likely to injure so you can work on that areas before they get injured Update Most of the activities I do are high explosive all round work-outs like combat sports,fitness,2385
2365,To what extent can a good exercise programme help to recover lost muscle in people over 70 who while very fit and active have not exercised regularly in earlier years,fitness,2369
2366,I heard to help muscle growth one has to sleep a lot after doing a workout How long is the recommended one Does this mean the best time to workout is at night so you can go to sleep immediately after,fitness,2367
2378,Here is a good definition of mental toughness Mental toughness is having the natural or developed psychological edge that enables you to Generally cope better than your opponents with the many demands (e g competition training lifestyle) that are placed on you as a performer Specifically to be more consistent and better than your opponents in remaining determined focused confident resilient and in control under pressure Where can I learn more about mental toughness and how to develop it,fitness,2382
2379,Are there any substantiated health risks to a high protein low-carb diet,fitness,2408
2395,I usually do a 10-20 mins Cardio (Treadmill/Elliptical/Cycling) before I go for the weights and other exercises Is this a good practice Would there be any advantages if I order my routine differently,fitness,2397
2400,FiveFingers are great shoes for running hiking and general lounging I believe that running barefoot has improved my fitness and also general running ability -- even with conventional shoes But they possess an interesting characteristic that my wife loves to remind me of they stink Not just a little stink These are a put those things out on the patio and go take a shower level of stink Vibram states that you can wash your FiveFingers in the washing machine and then air dry This gets rid of the stench for a short period but it usually comes back after wearing the shoes a few times If I wear Injinji socks with the shoes it keeps the stink away but that's not going to be practical once Minneapolis emerges from it's arctic winter For the sake of my marriage what's the best way to keep my FiveFingers from stinking,fitness,2401
2405,I know my form isn't terrible but it certainly isn't perfect either How do you work on improving it Are there certain exercises that will strengthen the right muscles and force better form Do you concentrate on footfall while running,fitness,2410
2409,What weight training exercises can I do with dumbbells that will benefit me most for running 5-10ks Are stomach crunches/sit ups worth doing too,fitness,2438
2416,I always see BMI charts posted in various health related places and I know life insurance companies use it for assessing risk I've heard the normal range of the index is supposedly based on what normal was in 1800s Poland Is this true In any case should a reasonably bulky person using cardio/strength training ever expect to hit that normal range in the normal course of events or might one expect to stay in the 'overweight' category due to new muscle mass,fitness,2417
2418,Each day I drink lots of coffee and energy drinks (redbull 355ml cans) I go to gym 3 times a week (on evenings) Are there any effects on my workouts I stopped drinking any caffeine (at least from coffee and energy drinks) for 3 weeks and didn't feel any changes Not during daytime nor before during or after my workouts My friends often tell me that my heart will explode from such huge amounts of caffeine (I read about caffeine OD and felt caffeine induced disorders symptoms) My question is what's the effect of caffeine on heart/body when person is working out,fitness,2419
2424,My gym got a new back extension machine recently and it is horrible It's designed for someone much smaller than me the angles are all wrong and I find it very difficult to isolate the right muscles (I end up working my legs instead) Is there a way I can target those muscles and do weight training using other equipment available at the gym Edit I had been lifting > 100 pounds with the old back extension machine,fitness,2426
2425,I'm a long distance runner thats not really a fan of all the goo type products I'm curious if there are any natural sources of concentrated sugars with the right balance of electrolytes for long distance running I know that fruits are the most obvious natural sources for these nutrients but which fruits Is there a specific mix of fruits Dried fruits Should salt be added Is the high fiber a concern (don't want to have to go to the bathroom during a race),fitness,2427
2428,While using the freestyle technique of swimming what is the proper way to breathe Is using the nose to breathe out while under better or is there any difference Is there a specific number of 'strokes' that should be done before taking a breath I've been told to alternate your breathing sides and to always make them opposite of the arm raised out of the water is this correct,fitness,2460
2429,There are multiple technique out there with the two I mainly use being breastroke and freestyle Is there a difference between the two as far as their effectiveness in a cardio workout Is there a technique that stands supreme for cardio or is swimming in general just effective,fitness,2453
2430,Recently I have started Yoga but I find myself unable to hold any position more than ten seconds I was told to exaggerate my posture but I simply could not My flexibility is horrific and feel counter productive even when I follow the Yoga books and routines (books and videos) It has been two weeks and I am having hard time improving it Is there a modified way to help me get into the basic positions of Yoga before I can at least be effective in beginner Yoga workout How can I improve,fitness,2443
2433,Should one continue to exercise even when sick I know it may depend on the sickness but what about minor things like a cold or fever Are there chronic sicknesses where you should still regularly exercise,fitness,2434
2436,I go for a 5km before work 2-3 times a week with a longer run at weekends I was doing crunches and other weight based exercises on the off days but have been advised to do it after my runs My question is why is this a better way to do it,fitness,2437
2450,I do several times a week strength and cardio training (Thai boxing to be specific) but also try to mix in extra weight sessions to build up muscle mass Is it good or bad to mix these two I've heard contradictory opinions none backed by evidence Which of the following is more correct Workout every day alternate the type of training (time sink recovery is tricky injuries heal slower) Do both in the same session (is it too much load for one session which one should go first ) You can't have it all it's a tradeoff stick to either one or the other,fitness,2452
2455,Are there benefits with stretching right after exercising Does stretching afterwards affect the risk of injury,fitness,2470
2456,Why is it common to rest between sets of repetition Could I instead of resting exercise another muscle group,fitness,2480
2462,Many creatine distributors health forums etc recommend avoiding mixing creatine with citrus juices as supposedly the citric acid could combine with the creatine to produce creatinine which isn't a useful substance for strength training and bodybuilding However it occurs to me that stomach acid is stronger and more acidic than any juice that one is likely to drink So is there something specific about citric acid and creatine that would not apply to stomach acid or is the creatine/citrus warning a myth,fitness,2463
2468,I'm spending most of the day in front of the computer (10+ hours) and as expected my wrist tendons experience strain during work Normally this wouldn't be much of an issue but after I have started training more aggressively (especially with free weights) I feel slight pain and weakness in the wrists when they are at unnatural position under load The frequency of training is not the issue -- usually at most 3 times per week and I do torso/arms exercises only twice per week Now the questions Which arm exercises are known to put less strain on the wrists I'm interested in upper-arm/chest exercises mostly but advice for other muscle groups is appreciated as well Is there something else I can do to reduce the problem (training accessories special exercises other) Edit I'm doing exercise on the weight machines and cables mostly some free weights and stretching No push ups whatsoever,fitness,2482
2472,What exercises do you recommend if one's main target is broad shoulders (and chest too but less priority) Does reducing exercises for other muscle group help Any other tips,fitness,3234
2473,There are plenty of selections that athletes have in selecting socks Most of these socks are ear toward moisture whicking material My question is do these type athletic socks make a difference in the overall care of the foot and thus performance of the athelete,fitness,2474
2481,I have seen fitness programs that focus six days of workout per week and following three or four weeks have an entire recovery week The term recovery is misleading because you still workout six days a week but it's just on a lighter weight I am wondering why or if this week is needed,fitness,2562
2483,Are two or three finger push-ups a matter of finger/hand or arm strength What techniques should I use to learn two or three finger push-ups (if it is finger strength how do I build this up etc ),fitness,2486
2484,I can't do a single decent chin-up are there any easy alternatives that I could build up in quantity as a forerunner to being able to do chin-ups Alternatively are there are any weights exercises that could help achieve this Are there any online resources that outline a program for beginners to learn chin-ups and increase the number Maybe something similar to hundredpushups com that I can follow daily (I know they are working on a program called 25 pullups),fitness,2489
2485,I'm looking for some exercises that I can do in a swimming pool that will help my muscles to recover after a workout I've seen footballers on TV walking/jogging in the swimming pool the day after a match If you can provide some specific exercises and also timings for when this should be done (e g immediately after the workout or next day etc ) Could doing exercises in a pool actually provide more strain on the muscles if overdone,fitness,2502
2490,Is there a difference between the protein found in red meat (like beef and ostrich) and white meat (like chicken and pork) and protein from fish and should you aim to get these in in any particular ratio to one another Or could protein intake coming mostly from just one of these types be sufficient,fitness,2498
2492,After a hard work out it's generally a good idea to not stop immediately but rather to cool down What is the specific purpose of cooling down Does not properly cooling down affect the actual efficiency of the work out itself,fitness,2497
2493,Having already asked why a cool-down is so important my next question is how do you properly get into a cool down Please be specific of how to get into this cool-down with metrics that can either be measured for ALL exercises or to a specific type of work-out,fitness,2496
2494,I know that this may sound silly but I was wondering if there is a proper way to pedal the road bike I've noticed that you can be pedaling more with the front or balls of the feet or by staying flat for the most part or even having the heel of your foot slightly angled down Is there a specific way to pedal that will yield the most efficient use of 'foot power' If so what makes that specific technique more efficient,fitness,2505
2504,Recently I've read some articles that suggest that you should go below 90 degrees On the other hand I've talked with a trainer in my gym and he usually places a bench behind him so that he couldn't go below 90 What is your take Below 90 or 90 Note When I'm talking about degrees I mean the angle your shin bone and femur makes,fitness,2558
2509,So I've always wondered what about running makes you have to go to the bathroom Why is it that it seems to accelerate the downward progress of any you know Or maybe I'm the only one this happens to I'm asking seriously I want to know why,fitness,2522
2512,I have been participating in Zumba lately and I feel more stiff after I do something else rather than Zumba Is Zumba a good choice to working out or is it more a fun choice if it was Zumba or nothing What does Zumba do,fitness,2518
2513,What difference if any will it make if my hands are over the bar rather away from me or behind the bar towards me when doing a chin-up Does this work different sets of muscles Is one more difficult than the other Should my workout contain different sets of both ways or is it just a preference thing,fitness,2519
2521,I was just given a set of weights - adjustable weight dumbells - as a present but I have no idea what sort of weights/how many reps I should be doing in order to achieve the best results I'm looking to increase the strength of my arms and wrists (lean strength ) and hope it can increase my strength for playings sports like tennis squash and so on Is there a rule of thumb for weights/reps I should be aiming at,fitness,2523
2534,I spent about 6 to 7 years working out hard both in the gym and running when I was in college When I graduated and got a job I stopped working out cold turkey After about 3 years working I realized I needed to get back into exercising regularly I've since since started working out again and weight more than ever I want to lose weight and gain muscle Should I take supplements that are all protein or should I take supplements that provide more carbohydrates,fitness,2535
2537,Many chemical processes that used to be time-consuming or tiresome can be worked around e g migraine vitamin deficit bad eye-sight Endurance training and muscle anabolism are just chemical processes Is there a theoretical reason for why they are always done through tiresome exercise,fitness,2542
2543,I hear sometimes that after running you should wait with eating for 30 or 40 minutes (may be the metabolism is still in fat burning mode ) What is the reason for this advice How long exactly should I wait And is it valid for any food or is e g okay to eat a banana after the exercise,fitness,2565
2547,A while back I injured my wrist and while I have a clean bill of health now during that time I was not able to work my upper body (delts lats biceps triceps pects) Was there some way I could be been safely working my upper body during those weeks,fitness,2548
2549,My girlfriend has been on Weight Watchers for quite awhile and although she's lost a considerable amount of weight she's still over 60 lbs away from her final goal The problem is that for over the past month she's been stuck at the same weight (give or take a pound) She's pretty strict on tracking her diet intake and works out 4-5 days a week (mainly cardio on her own cardio/strength training with her trainer 2x a week) She's still noticing clothes getting looser so we're pretty sure her fat loss and muscle gain are evening out Of course seeing this big plateau in weight loss is pretty demoralizing and between the two of us we cannot find new things to try outside of exchanging new exercises our trainers throw at us Granted everybody's different but are there some effective tricks for pushing past a weight loss plateau I've read that women can have a harder time dropping weight compared to men but she was making great progress and she's just been stuck at the same point EDIT She's hit a couple plateaus in the process so far but they were short term for 2-3 weeks at most before progress became visible again So she's aware that they are a natural part of the process This current plateau has gone past that point which is a big reason for the demoralizing point of view I've also gone through losing over 50 pounds myself so I'm familiar with what it takes to lose weight So I've picked up a lot of tips myself that I've passed along to her but they haven't helped so far,fitness,2553
2556,Counting calories is one thing but trying to keep track of things like fat protein fiber and carbohydrates are just as important in a good overall exercise plan It's not that hard to find nutrition information on processed foods but when you buy fresh produce and the like it's a lot harder to find the information NOTE This is about everyday food (fruits vegetables meats etc ) not fast food Has anybody found a good resource for (a) finding out nutrition information of food that do not normally come in packaging with that information and possibly (b) being able to track that information for diet purposes (or combining them for recipes to find overall information) I've looked at http //nutritiondata self com/ before but I've found a number of great healthy recipes have ingredients that it doesn't have or are difficult to find Also trying to build out a recipe is quite time consuming if there's more than a few ingredients (especially if you have to go through the process of converting units to fit the site's need),fitness,2563
2573,Are there any documented studies that show how sleep effects your workouts or athletic performance It would seem that more sleep would help and less sleep would hinder performance but that's just an educated guess Is there anything out there that documents this or counters this,fitness,3251
2574,Given the fact that it doesnt distinguish between lean body weight and fat weight why is body mass index so widely used to determine ideal body weight When I started seriously exercising a number of years ago (lifting weights and cardio) I gained 20+ pounds and dropped 2 waist sizes in my pants I'm not muscle bound but do have a lot more muscle now then when I started According the BMI chart for my height and weight I'm borderline obese yet in reality I'm quite fit At an annual physical my doctor pulled out the BMI chart looked at me again and said well that obviously doesn't work for you What's a better way to measure/guage fitness or appropriate weight Is it solely by measuring % of body fat,fitness,2581
2576,I have strong very short hamstrings and a weak flexible lower back If I try to touch my toes I get about 1/2-way down my shins However most of that mobility is in my lower back If I lie on my back and lift my foot in to the air I can get it about 2' off the ground (as in Suptap?d??gu??h?sana ) Any more than that requires my back to bend So when I try to stretch out my hamstrings I stretch out my lower back instead Meanwhile my hams stay short How can I stretch my hamstrings but not stretch (and strain) my lower back,fitness,2588
2584,I like to keep a latish schedule sleeping often around 2-3 AM I'm often eating odds and ends late at night If someone eats Meals A B &amp; C of certain calorie content and then timeshifts his schedule so that he's eating the same meals later at night and closer to when he's about to sleep will he gain excess weight If so why,fitness,3901
2586,When I do squats I place my feet slightly wider than shoulder width pointed outwards at about 30 degrees I still have trouble keeping my balance going all the way down without bending forward heavily My ankles are not particularly flexible I have tight achilles tendons and hamstrings and I think that I am not able to bend my lower legs far enough to keep my weight centered over my feet I basically fall over backwards and my shin muscle gives out unless I come up on my toes I've tried using small weights under my heels with some success but I wonder if I should focus on increasing my achilles tendon flexibility or is this just an issue of weakness in my lower legs,fitness,2587
2592,I have read about and tried intermittent fasting in the past few months with some great results The only hiccup was getting sick for about 3 weeks and losing that will to continue with it until I restarted it recently I was wondering what others experience were with intermittent fasting and also any recommendation of websites books research etc on the subject My personal experience is that when I am fasting I actually feel better and seem to be a bit more engergized I even feel more energy when I workout in a fasted state -rich,fitness,2599
2595,I go through a bi-weekly exercise program that includes long distance running sprints front crawl upper body compound exercise and stretching I would think my metabolism and protein needs varies with those activities so what strategy for timing and amounts should I adopt to try to optimize my protein consumption in each case The different types of activities I am interested in are running long distance (e g 7 5+ miles) running sprints (e g 12 minute Cooper or 5K) slow front crawl (e g 45 to 60 minutes) compound upper body exercises (e g 45 minutes),fitness,2611
2600,I have a long-standing (no pun intended) injury which gets worse when doing any kind of leg exercise that puts strain on the groin area For example sit-ups press-ups and plank exercises all cause pain in that area I will hopefully be having surgery soon to fix the problem now that it's been diagnosed However I want to exercise without putting strain on this area of the body and would like some opinions on any exercises that will help keep me in shape during this period I'd like to work the ab area and I need to get some cardio exercise (my weight is going up horribly during this fallow period) What experience do people have of keeping things going while recovering from injury,fitness,2629
2601,I'm about to start training for a 15km trail run and am wondering if the crossfit endurance program is effective Is it worth getting a gym membership so I can do the heavy squats and deadlifts involved,fitness,3734
2606,What is normal rate of fat loss Is it changing depending on how much person has left to normal BMI (considering he/she doesn't want any extra muscle weight),fitness,2610
2613,There have been several questions about sleep deprivation asked here The general response seems to be don't do it This seems to be what google says too However I have a baby coming to my house soon This coupled with a full time job and a part time programming addiction is going to restrict the amount of sleep I will be able to get So I need to prepare myself to cope as much as possible My main goals at this time will be mental alertness and vitality I am assuming weight training will be off the cards It also makes sense to me to lay off the heavy carbs and obviously steaks etc Am I right How much cardiovascular training should I be doing What intensity Are there other exercises that may help Are there ideal sleep patterns to try to follow I've heard conflicting reports about the benefits of a 20 minute nap What kind of diet should I try to follow Are there any supplements that may help,fitness,2616
2615,I was cycling with a group it wasn't a particularlly hard ride and it wasn't terribly hot outside During a break one of the riders didn't look good at all and commented that he didn't feel well We offered him some fluids and some food which he declined Now there could have been an infinite number of things wrong with this guy but it raised a question in my head What are the symptoms of dehydration and can you visually tell if someone is dehydrated,fitness,2640
2622,I had been a avid weight lifter and runner for a number of years but I slacked off for a few (4) years and have gotten to be in pretty rough shape I've also noticed that I've developed something of a hunch which I suspect is from always being at the computer (first school then work) Aside from posture and stretches which I've started to do (and have seens some minor results from) are there any exercises that can help straighten out a hunch,fitness,2625
2633,I do a fair amount of weightlifting; in particular heavy compound lifts power-lifting style I also compete on a target pistol team Over the years I've heard a number of coaches and marksmen recommend that serious shooters stay away from heavy lifting because it could affect arm stability/precision when holding the pistol The physical requirement for this sport is to be able to hold a 2 lb pistol (with one hand/arm only) at arm's length with elbow locked as steady as possible for 5-10 secs So my question are these two sports at odds Can someone give an explanation for why heavy lifting might (or might not) compromise my ability to hold the pistol as steady as I could if I didn't lift,fitness,2668
2644,Has anyone read Why We Get Fat And What to Do About It Here is the book on amazon His basic argument is this (my words) The author argues that insulin in large part is responsible for regulating how much fat you have the more the insulin the more fat Insulin tells your fat cell to absorb and maintain their supply of fat and not to release it into the blood stream Insulin is produced in response to the presence and amount of blood sugar in your body when you start to eat your blood sugar increases Fructose and carbohydrates rapidly increase your blood sugar levels resulting in a highly elevated level of insulin Eating a lot of fructose and carbohydrates every day will result in a condition known as insulin resistance This will result in your body having an elevated level of insulin at all times making you virtually incapable of using anything but glucose and carbohydrates as energy Because the cells in the rest of your body quickly run out of energy you get hungry faster because you are just coasting off of the carbs from your last meal My question is is Gary Taubes correct,fitness,2945
2647,For most of my life I stretched out before cycling to avoid cramps or pulling a muscle However I discovered last year that I could skip stretching exercises in favor of a slightly extended warm-up period riding gently for about five minutes and avoiding any strenuous climbing Is stretching before non-weight bearing exercise (like cycling) detrimental to performance Can gently stretching a cold muscle harm it Should the intensity of your workout change when (or whether) you stretch out (My knowledge on this is strictly limited to trial and error with my own body and exercise routine so it'd be helpful if answers were non-anecdotal ) Related Will stretching make me slower on Bicycles SE,fitness,2655
2649,When I was a kid we spent nearly every waking moment playing games and such OUTSIDE We didn't have computers or video games to consume our time Today's kids have a lot of modern devices that keep them inside and static How much time should kids be actively playing (exercising) a day or week The NFL (American National Football League) has an ad campaign (Play-60) that encourages an hour a day of play Does anyone know if there's any data to support this or any other amount per day,fitness,2650
2656,I recently spent some time googling to find treadmill workouts for specifically weight loss but it turned out to get nothing than couple of mediocre essays Can anyone recommend either online resources or provide sample workouts for treadmills,fitness,2666
2657,I've been suffering from Runner's Knee for the last couple of weeks and I've read in some places to put heat on your knee and other places to put cold (like the above referenced webmd article) Which is it Is it one or the other or should I use cold after I walk or run and heat before bed or something else,fitness,2662
2658,I find after strenuous exercise (competitive basketball specifically) that my knee needs a couple days to recover Are there any specific exercises I can do to strengthen the joint and reduce my recovery time I prefer in-home techniques Specifics I jammed my knee into a rock while fielding a ground ball three years ago and have had issues since I wear a brace/sleeve whenever jumping is involved though I usually can run with no pain 95% of the time I'm fine I started to wear the sleeve because I had occasions where I'd come down to the ground and my knee would buckle like it wanted to give out completely When there's pain (minor generally just a hindrance on stairs) I tend to have a hard time with any squat type movements particularly with weight (like a toddler),fitness,2675
2661,I've got the Vibram KSO currently and it works great especially for trail running However running on cement starts to hurt after a while I'm thinking of getting a different kind but there are several types that look like they could be candidates such as the Bikila the KSO Trek Has anyone had any experience with these How do I pick the right model,fitness,2940
2665,I'm looking to keep increasing my endurance when I can't do lower body exercises Are there any interesting high-intensity programs out there that don't rely on your legs For reference Beachbody's Insanity and P90X Plyometrics are what I typically use for a cardio workout Ideally I'd like a similar level of interval/circuit training that I can do at home when my knee is cranky,fitness,2692
2667,I would prefer to measure my body fat rather than weigh myself Is monitor like this worth its money or should I look for something else,fitness,2669
2670,Does smoking effect the muscle building process I understand it can effect your endurance,fitness,2681
2671,I am a distance runner and sometimes go running on trails where there aren't likely to be many people Since I have type-1 diabetes I must carry a blood glucose tester and a source of quick sugar with me particularly since exercise can lower blood sugar While this all amounts to a pretty small amount of equipment it's more than fits comfortably in the pockets of my running shorts What are some ways to carry this gear without it impeding running or causing discomfort We're talking about maybe 200-300g of total mass though space for a little bit more would not be bad,fitness,2679
2673,Let me start by saying that I am a Systems Engineer and have been working professionally for the past 10 years in a very demanding and stress oriented environment This has not allowed me to care for my physical body for that period of time Before that throughout high school and college I was in fair shape I am currently 5'11 weight about 185lbs and would guess to say that I have about 10-15% body fat My skin stretches due to the fact that I have that much body fat and that I've gained and lost weight repeatedly throughout these 10 years Starting from late November 2010 I begun working out mainly concentrated on losing body fat and gaining endurance and strength Currently I have 2 session exercises broken out as follows Session #1 (morning time) - 30 minutes of working out the chest biceps triceps and sit-ups - 40 minutes of elliptical - 15 minutes of treadmill at 3 5 speed Session # 2 (night time) - 30 minutes of working out the chest biceps triceps and sit-ups - 35 minutes of cycling - 15 minutes of treadmill at 3 5 speed I've lost about 10 lbs since I started and gained strength and endurance However I have not gained any muscle mass on my upper body and my lower body (legs thighs buttocks) is full of fat and not proportional to my upper body So my question is why am I not gaining enough muscle on my upper body and why am I not losing the fat on my lower body Any advice on what type of work out to do to lose more fat and strengthen my lower body at the same time gaining muscle mass on my upper body Thanks,fitness,2677
2676,I've been wondering about this for some time now A LOT of diets include sweet potatoes as a source of complex carbs which would be just fine if I lived in US Since I don't there aren't any available to me ( and no it's not the price you just CAN'T buy them) Therefore could the sweet potatoes be substitued with regular potatoes,fitness,2678
2685,How do I know that it's time to buy running shoes before they start looking like this,fitness,2687
2694,I am currently doing 45 minutes of cardio (static bike) keeping my heart rate above 160bpm 3 times a week and working my way up to 60 minutes 3 times a week However it is boring as hell and that current 45 minutes seems to drag on forever I have tried listening to music watching a movie taking the bike out but nothing i have done so far has got me into the mentality can't wait to exercise I am still stuck at man I have to exercise Based on past experience when I don't enjoy something something seems to happen and I stop doing it because I do not enjoy it So my question is how do I enjoy cardio Unfortunately I cannot afford to sign up with a yearly contract with a gym at the moment because of family commitments and financial situations,fitness,2704
2712,Currently I am taking a multivitamin fish oil and I recently added vitamin D supplements (D3 to be specific) My current routine is take each of the three (along with some unrelated medication in pill form) after I eat breakfast each day The addition of the Vitamin D supplement has led me to wonder if taking all of these at the same time of the day is the best idea or if it would be better to take them separately For example my multivitamin already has 400 IU of Vitamin D in it and then I am adding another 1000 IU in the D3 pill Is my body capable of ingesting this much of the vitamin (along with everything else in the multivitamin) at the same time or will some of it be wasted and end up being excreted Would it be better to take one at morning and one at night,fitness,2714
2715,Is it true that i should wear thick clothes such as a hoody while doing cardio to sweat more Or is it just water weight that gets put back on when you drink I have heard both,fitness,2716
2718,Well this one is embarrassing as hell to ask but its a real issue for me I do dips often as people say that's good but different people say different things - that bench press will make them more noticeable or that it will make them better I am also doing 45-60 minutes on the cross ramp exactly the same with inverted bench press I just don't know what makes it better and what makes it worse,fitness,2719
2720,In Tim Ferriss' The Four Hour Body the claim is made that lactose intake seems to inhibit fat loss Note that it is not claimed that it causes fat gain Like many claims in this book it is (and the author is upfront about this) anecdotal and he does not provide an explanation for why it might be so So my question can anyone verify that this is or isn't the case,fitness,2724
2725,I'd like to build a daily or bi-daily strength and flexibility workout around a new exercise ball I have What are some good exercises to start with,fitness,2936
2728,When searching for the internet or even talking to trainers you will get an infinite number of routines How should one choose a routine that is best for him Is there any logic about it at all I'm not addressing the exercises themselves but to the general diversion of muscle groups across days of the week It looks like every mix is possible even when I'm looking for the most recommended routines Of course most of the routines don't include any explanation other than you will see the results in X months The only logical thing about routines that I've heard is that it's better to do the Biceps exercises the same day you do the back and Triceps on the shoulders + chest day because the big muscle exercises also effort the according arm-muscle This way you provide full rest for the Biceps/Triceps when it's not their workout day Is this true can I have more examples for this kind of sense in the vague world of routines I'm working out since August and my results are not satisfying enough I'm not looking for reasons of why I didn't grow up the way I wanted but for a fresh routine to become more motivated and consistent It's just so hard to pick one and it seems so consequences-full I'm having 4 workout days a week,fitness,2732
2735,I'm looking for some practical yet tasty solutions for a high protein diet I like food that has intense flavour In a bid for this question not to be closed can you please post a bit of information on the nutrional value of the food For example Egg whites 11g of protein per 100g,fitness,2739
2736,Let's say I'm a little too fat to be doing a real push up Do you recommend me to push up with my knees supporting my body first and then progress further OR Do you think it's better if I start with the less push ups (say 5 10 15 incremental over days) My goals are to increase endurance strengthen my wrists forearms and chest Disclaimer I'm not really fat No offence to any if they sorta are,fitness,2737
2740,I jammed my shoulder a few years ago while catching myself in a skateboard fall and since then it has had issues off and on where during periods where it bothers me I can't do pushups or dumbbell work The injury has been in the aggravated period for the last several months and is showing no signs of getting better It is affecting my workouts at least those involving chest/back/shoulders (i e any exercises that involve pressure on the shoulder) I've seen chiropractors with little success I haven't tried physical therapy and I haven't gone to a specialist through my Primary Care Phsyician Stretching and yoga also not a big help The injury doesn't get worse and doesn't get better Just is there slightly annoying and especially annoying with certain exercises,fitness,2802
2752,When specifying sets and reps like 5x5 3x5 (in general XxY) which is which It seems like it usually means X sets of Y reps but on some forums I see logs that seem to indicate that either they are (a) doing dozens of 1 rep sets (which might be valid) or (b) they are using the notation in the other order (i e X reps done Y times ) Is there a traditional way of reading/writing these,fitness,2759
2756,I'm attempting to understand if I should be using something other than whey (isolate) protein shake after my gym workouts (weight lifting and core strengthening) There are lots of specific products advertised both on TV at the gym and at the supplement store that have names like Bulk or hydroxycut as well as many many more My question is Is the science in on whether these other products have some advantage over just taking a straight 100% protein powder mixed with pure water I'm not an elite bodybuilder just looking to stay fit an healthy and ensure I don't lose any lean muscle mass,fitness,2757
2760,I know that there is the standard 8x8oz glasses or ~ 3 liters of water per day But today I read that since about 75% of muscle is water people using their muscles intensively need more water about two times as much as standard So my question is at which point does more become too much How much water can I drink before I start hurting my kidneys Background I'm currently drinking about 5 liters of water per day if training about 4 if on rest,fitness,2764
2767,Does it make any sense to use caffeine/menthol slendering gels There are many products for women and also some from (I've seen abdomen gel from shiseido) Do such gels work Do you recommend any EDIT What I mean by those gels working is do they really increase fat loss in the areas where you use them,fitness,2781
2771,I heard on a podcast that pounds of fat burn calories at a different rate than pounds of muscle The thinking is that a pound of fat sitting idly over the course of the day requires X calories whereas a pound of muscle sitting idly over the course of the day (that is to say without being vigorously exercised) requires X+Y calories because muscle is more expensive for your body to maintain nutritionally speaking That would seem to imply that if one were to undertake a workout regimen designed to build muscles (lots of strength training minimal focus on cardiovascular activities) that the additional muscle mass would result in the body burning more calories per day while it was in its at rest state That would seem to imply that one would then be able to lose some of their fat weight as they would now have a more favorable ratio of caloric intake to caloric expenditure Is this a healthful approach to weight loss If someone were in a situation where they were overweight (but not yet obese) is strength-training a logical approach to achieving a higher fitness level,fitness,2776
2774,In the link below Mark Rippetoe of Starting Strength says that when positioning oneself for a bench press http //startingstrength wikia com/wiki/FAQ The_Lifts#The_Bench_Press Your eyes should not be gazing directly beneath the bar but rather looking just past the foot side of the bar Any idea what the foot side of the bar is When lying on my back should the bar be right above my eyes,fitness,2943
2784,As the title says I would like to know what is the best time to drink water is it before during or after having a meal Also suppose the answer was during what quantity is recommended,fitness,2790
2792,I'm currently taking in 100 grams a day of protien via whey powder I used to take 250 grams when I was training I've read that you should intake 1 gram per pound of body weight you have when training I've also seen numbers such as between 0 8 and 1 gram of protein per kilogram of weight a day (about 7 grams per 20 pounds So a person who weighs 150 pounds would need around 52 grams a day ) I'm ~250lbs right now I was 260 but I'm cutting wieght to 240 I'm not doing any serious training right now Edit To be clear my question is about how much is too much for the body before seeing side effects such as kidney problems digestion problems etc Not necessarily about wieght loss At my body weight how much is too much,fitness,2907
2796,If you look at charts they will all say that I'm obese or worse I'm 6'1 ~250 (dropping to 240) but I'm not fat These charts seem to base it on the fact that my weight vs my height is not in proportion According to those charts I should be 150-170 (which IMO is far too small Not to offend anyone ) Shouldn't this be based on body fat % instead of weight vs height What body fat % should be considered obese Or is the term obese not meaning fat but weight overall relative to what your heart can handle which would have those charts making more sense,fitness,2797
2799,Since being told that biceps are bad for punching speed I've toned down the amount of pull-ups I do and switched to a wide grip with palms facing away to emphasize the lats more than the biceps Now I'm worried whether lats are also bad for punching speed I've also heard that triceps-training exercises like push-ups are good particularly if you can do them plyometrically (i e with a hop at the top) What other exercises are good or bad for punching and kicking speed Any suggestions would be appreciated though I would prefer exercises that can be done at home (e g calisthenics) I would also accept answers to the slightly different question what muscles are good/bad to train without recommending particular exercises EDIT Thanks for the many responses One thing that would be greatly appreciated are some suggestions of exercises for training kick speed since nobody has commented on that yet EDIT #2 As has been commented below speed and accuracy are more a matter of muscle coordination than muscle strength However I was thinking of starting martial arts classes in the summer so I'm hoping to get exercise tips to better direct my workouts until then,fitness,2942
2805,I am a sprinter around the grand old age of 21 At our track there is a lot of debate of whether cold bath (or ice bath if you're brave enough) aids recovery of the muscle What are your opinions Are there any other post-training techniques that you would recommend Dont think this has to be sport-specific as it will easily go across the board for most sports Stu,fitness,2806
2811,If your goal is increasing strength must you always train to the point where you feel the burn later,fitness,2815
2812,How should I choose a multi-vitamin as a man Should I just try and get the most potency/per dollar product Are there any well known generally accepted superior brands,fitness,2826
2820,I'm 41 regular gym visitor for one year general fitness level OK but not great Recently I started to enjoy a kickbox aerobics course at my gym I realized I hardly ever trained such rapid movements (except in soccer) but I'm improving However during the workout I cannot make the roundhouse kicks parallel to the ground without losing control let alone make high kicks What should I do to improve that Focusing on the muscles in the legs focusing on the core becoming more flexible in general (I know only slight improvements possible) all of the above I think the answer is all of the above But how to start Any suggestions for a good compilation of exercises on the gym machines or choosing a supplemental course What to avoid,fitness,2944
2830,I've been using my stationary bike to do cardio 3 times a week for about 50 minutes each session for almost 2 months now When I started off I found it very uncomfortable to sit on the seat so I got a softer seat which didn't really help Now after about 30 minutes into the session I find it very painful and am sore for about 2 days after finishing a session Is it possible to avoid getting sore,fitness,2831
2834,Just what the title says What will be the tradeoff of losing weight only by running on a treadmill instead of doing separate muscle group workout,fitness,2838
2840,Various weightlifting and exercise resources either claim that ATG squats (a**-to-ground i e as low as you can) are perfectly fine or claim they will destroy your knees in two sessions I was wondering if anyone has any insight as to what is going on here Will a properly performed (weighted) squat that brings legs below parallel to the ground have any greater negative impact on the knees or other joints compared to parallel squats Lets assume for a moment we aren't talking about competitive weightlifting weights so with a squat weight smaller than 1 5x your body mass Personally I side with the it won't do anything wrong side considering that With bar weight at approximately your body mass you could exchange the bar with squatting on one leg i e this is strain your body is designed to be able to withstand If you assume that there is the possibility of excess joint strain you would be seeing epidemic levels of knee injuries among competitive weightlifters who routinely go below parallel in the clean&amp;jerk with much greater weight and while weightlifters can get various joint injuries I haven't seen anything demonstrating that injuries are more biased towards the knee,fitness,2897
2843,I hear a lot of people talking about going to the gym to tone up their muscles What they usually do to improve their tone is to do relatively high reps with relatively low weights - say 30-50 reps with 30-50% max These exercises are done without changing anything else about their diet or exercise routine Does this sort of workout successfully tone specific muscles or a person's entire body Clarification I'm using the word tone to mean improving the shapeliness of existing muscle rather than the scientific definition muscle tension at rest,fitness,2845
2848,When doing bench presses both the left and right areas of my shoulders make this really loud clicking sound and it feels as if the bones are clicking against each other This has been happening for a few months now I thought it would go away however it remains exactly the same Any thoughts would be appreciated thanks,fitness,2861
2849,Would it be better to spread my workout into two different shifts or better to do it all at once My focus is to lose fat gain muscle I am 5'11 weight 185 lbs and I'm 26 years old I currently use Arnold's weight lifting program which I found on the web Then I do post workout cardio 45 minutes of elliptical and 15 minutes of treadmill at 3 5 - 4 0 speed I'm thinking of doing half the weight lifting in the morning with the full cardio program mentioned above Then doing the rest of the weight lifting at night with another full cardio program,fitness,2850
2853,What are some good exercise programs to lose as much body fat possible in a short period of time but still keeping it healthy A treadmill and elliptical is available to me 24/7 I am 5'11 and weight 185lbs and I have lots of body fat,fitness,2856
2855,I'm looking for some way to exercise my upper trapezius muscles using only my body weight Normally this would be accomplished with shrugs or upright rowing but without weight shrugs and rowing are practically useless I think every other muscle gets hit during my workout cycle but I'm missing my upper traps EDIT I have Erb's Palsy (right arm) due to a birth injury and hence cannot do handstands of any kind,fitness,2937
2868,I found when exercising (through Kinect pilates video etc) that I am asked to 'engage my core' How do I do this How do I know when I am truly engaging my core rather than just sucking in my stomache,fitness,2871
2869,I have had a couple of lower back surgeries in the past but I'm okay to do any activity During the last 10 years I have gained a little more weight around the mid section but have been actively trying to lose the weight but with little success I'm currently doing hot yoga to increase my flexibility but as for weight loss I'm doing cardio with some weight lifting but not seeing the results I would like to see I've also changed my diet times I've been eating and the amount I eat to a healthier diet with smaller amounts about 5 times a day I heard this would increase my metabolism I'm about 6'3 230 pounds but would like to be around 190 any advice on exercise diet etc Currently I hit the gym 2 to 3 times a week and yoga every other week I would like to do more of both but being a dad of four time is limited I have been working out in the morning for about an hour (usually cardio) and one day of the weekend for about 2 hours (Full body upper/lower),fitness,2870
2872,Is it healthy or is it damaging to exercise a muscle while it's still sore from a previous workout,fitness,2890
2875,What are some good exercises that utilize free weights to increase leg strength,fitness,2881
2883,I've recently started taking BCAA to help me recuperate after a gym session as it was taking me a long time to recuperate Now recuperation is almost instant I'm trying to gain muscle mass which is working fairly well But wanted to know what would be the next supplement to take I'm already taking my daily protein shake (39 grams of protein) multi-vitamin Omega-3 and now BCAA I'm only taking 2 doses of the BCAA and the instructions says I can take up to three a day Any suggestions or great articles would be great I already read a lot but all everyone offers is an opinion but no real general guideline I should also note that I also take Siberian Ginseng,fitness,2884
2886,I got a shakeweight as a gag gift for Christmas I actually tried it and it does feel like you get a work out from the instructional DVD I'm curious if the principles behind the product are sound Can you really build muscle through the quick impulses of muscle contractions that device requires Can I actually look like the guy in the video from doing just Shakeweight,fitness,2889
2894,While ellipticals offer stationary movement with low impact on the knees they also seem to offer burning off insane amounts of calories when compared to equal time/work on a treadmill Same brand equipment similar workout profiles ~200 calories 30 minutes on a treadmill ~670 calories 30 minutes on an eliptical ~200 calories 30 minutes on a bike I've heard from many different sources including personal trainers both sides that ellipticals are great for burning calories and also that they are just lies The equipment I have at home all have a calorie counter that continues to climb even if i'm stationary It's making assumptions about my effort to determine calories burned so I dont believe either one The equipment at gyms ask for weight height and even use your heart rate to determine your calories burned The spread between the treadmill and the elliptical calories burned readings both from my home equipment and the gym equipment are very similar What is the truth Does the eliptical really just burn 2-3 times more calories per session than a treadmill,fitness,2898
2895,Last night at the gym I pushed myself a little too hard apperently and I threw up all over the shower I'd rather not do that again so What causes this What can I do to increase how much work I can do without throwing up,fitness,2900
2902,I'm working out 3 days a week for 1 hour - Muay Thai kickboxing + the same amount of time pumping iron at the gym The Muay Thai involves Full contact sparring Leg and arm conditioning (taking hits) Intensive core leg and arm cardio I have a reasonable healthy western diet but it's quite random and unhealthy at times too Are there either any specific nutritional based additions or changes that I should make to my diet I don't include my current diet because I only want core or optional food products that would enhance regular hard sparring (muscle damage/bruising) It's a bonus if such things are already part of my diet,fitness,2905
2903,What is the suggested amount of time to rest muscle groups between workouts to prevent injury I want to tone (improve shapeliness of existing muscle) my body and workout on average 6 times/wk lifting weights doing high intensity aerobic classes and doing the elliptical My typical regimen at the gym involves 45 min of cardio and 6 exercises (15 reps) - 3 exercises of large muscle group (ie chest) and 3 exercises of small muscle group (ie triceps),fitness,2904
